{
    "paper_id": "PMC9150005",
    "metadata": {
      "title": "Modeling Population Dynamics and Disease Prevalence",
      "authors": [
        {
          "first": "Mark",
          "middle": ["T."],
          "last": "Johnson",
          "suffix": "",
          "email": "m.johnson@university.edu",
          "affiliation": {}
        },
        {
          "first": "Emily",
          "middle": ["S."],
          "last": "White",
          "suffix": "",
          "email": "emily.white@researchlab.com",
          "affiliation": {}
        }
      ]
    },
    "body_text": [
      {
        "text": "The research focuses on understanding the interaction between population dynamics and disease spread...",
        "cite_spans": [],
        "section": "1. Introduction",
        "ref_spans": []
      }
    ],
    "ref_entries": {
      "TABREF0": {
        "text": "Table 1: Mortality rates across different age groups.",
        "type": "table"
      }
    },
    "back_matter": [],
    "bib_entries": {}
  }
