{
    "paper_id": "PMC9150007",
    "metadata": {
      "title": "Age-Based Vulnerability to Viral Diseases: A Comparative Study",
      "authors": [
        {
          "first": "Michael",
          "middle": ["B."],
          "last": "King",
          "suffix": "",
          "email": "m.king@healthstudy.org",
          "affiliation": {}
        }
      ]
    },
    "body_text": [
      {
        "text": "This study presents an analysis of how different age groups are affected by viral infections...",
        "cite_spans": [],
        "section": "1. Introduction",
        "ref_spans": []
      }
    ],
    "ref_entries": {
      "TABREF0": {
        "text": "Table 1: Age distribution and vulnerability.",
        "type": "table"
      }
    },
    "back_matter": [],
    "bib_entries": {}
  }
