{
    "paper_id": "PMC9150004",
    "metadata": {
      "title": "Impact of Environmental Factors on Disease Spread",
      "authors": [
        {
          "first": "Alice",
          "middle": [],
          "last": "Green",
          "suffix": "",
          "email": null,
          "affiliation": {}
        }
      ]
    },
    "body_text": [
      {
        "text": "This paper investigates the role of environmental factors, such as climate and pollution...",
        "cite_spans": [],
        "section": "1. Introduction",
        "ref_spans": []
      }
    ],
    "ref_entries": {
      "TABREF0": {
        "text": "Table 1: Disease incidence in different climate zones.",
        "type": "table"
      }
    },
    "back_matter": [],
    "bib_entries": {}
  }
