{
    "paper_id": "PMC9150008",
    "metadata": {
      "title": "The Role of Comorbidities in Disease Severity: A Case Study",
      "authors": [
        {
          "first": "Sophia",
          "middle": [],
          "last": "Brown",
          "suffix": "",
          "email": "s.brown@medicalresearch.org",
          "affiliation": {}
        },
        {
          "first": "Daniel",
          "middle": ["J."],
          "last": "Lewis",
          "suffix": "",
          "email": null,
          "affiliation": {}
        }
      ]
    },
    "body_text": [
      {
        "text": "In this case study, we explore the impact of pre-existing health conditions on disease outcomes...",
        "cite_spans": [],
        "section": "1. Introduction",
        "ref_spans": []
      }
    ],
    "ref_entries": {
      "TABREF0": {
        "text": "Table 1: Disease outcomes by comorbidity.",
        "type": "table"
      }
    },
    "back_matter": [],
    "bib_entries": {}
  }
